{
  "project_info": {
    "project_number": "135814703458",
    "project_id": "gestoralpha-14bda",
    "storage_bucket": "gestoralpha-14bda.appspot.com"
  },
  "client": [
    {
      "client_info": {
        "mobilesdk_app_id": "1:135814703458:android:70170093ccf35b3d27e43b",
        "android_client_info": {
          "package_name": "com.llorcabotas.juan.gestoralpha"
        }
      },
      "oauth_client": [
        {
          "client_id": "135814703458-3fu30lgaoj5bmhvn6oudlq2ftj5fe33b.apps.googleusercontent.com",
          "client_type": 3
        }
      ],
      "api_key": [
        {
          "current_key": "AIzaSyB-L-lWJkgWezFAMCBP2bPwXgPtjprnxHk"
        }
      ],
      "services": {
        "appinvite_service": {
          "other_platform_oauth_client": [
            {
              "client_id": "135814703458-3fu30lgaoj5bmhvn6oudlq2ftj5fe33b.apps.googleusercontent.com",
              "client_type": 3
            }
          ]
        }
      }
    }
  ],
  "configuration_version": "1"
}